Word,Count
base,4
for,4
exponent,3
to,3
result,2
GCD,2
in,2
varibles,2
Read,2
case,2
Test,2
Print,2
is,1
5,1
Rikki,1
*****************GCD,1
Loop,1
Function***********************,1
divided,1
greater,1
Homework,1
be,1
Variables,1
CSC,1
divisor,1
****************************************************,1
than,1
******************************************************,1
values,1
*****************************************,1
*************************************************************************,1
value,1
*******Exponent,1
Swap,1
18A,1
***************************,1
Recursion,1
initial,1
power,1
if,1
the,1
Save,1
Function********************,1
Calculator,1
calculate,1
Niemi,1
0,1
number,1
,1
